Workbook

Sheet Паспорт проекта
A1: Наименование проекта (скопировать из ЛК)
A2: Проектное направление (выбрать из списка в ячейке)
A3: Направление в рамках программы развития (при наличии)
A4: Уровень проекта (TRL/УГТ) на начало уч. года
A5: Руководитель проекта | B5: ФИО, должность
A6: Куратор проекта (при наличии) | B6: ФИО, должность
A7: Куратор проекта (при наличии) | B7: ФИО, должность
A8: Куратор проекта (при наличии) | B8: ФИО, должность
A9: Заказчик проекта | B9: Название предприятия
A10: Контактное лицо со стороны заказчика | B10: ФИО, должность
B11: Контакты — телефон, e-mail
A12: Цель/цели проекта (цель по SMART, согласованная с предпосылками проекта) | B12: Создать ИИ-агента для оптимизации процесса анализа документов на соответствие нормативным требованиям, нахождения в них рисковых формулировок, уменьшив трудоёмкость процесса и снизив влияние человеческого фактора на него.
A13: Проблема, на решение которой направлен проект | B13: Существующий процесс ручной проверки документов на соответствие нормативным требованиям занимает слишком много времени и критически зависит от внимательности сотрудников. Это приводит к регулярному пропуску рисковых формулировок из-за человеческого фактора, что замедляет бизнес-процессы и создает угрозу финансовых и юридических санкций для компании.
A14: Срок реализации проекта: начало | B14: 36526
A15: Срок реализации проекта: завершение | B15: 36526
A16: Продуктовый результат (прототип, макет, приложение, патент и т.п.) | B16: 1.
B17: 2.
B18: 3.
B19: 4.
B20: 5.
A21: Промежуточный продуктовый результат (на конец первого семестра, для годовых проектов) | B21: 1.
B22: 2.
B23: 3.
B24: 4.
B25: 5.
A26: Критерии достижения результата (основные измеримые характеристики продукта, по которым определяется успешность проекта) | B26: 1.
B27: 2.
B28: 3.
B29: 4.
B30: 5.
A31: Ключевые задачи проекта (уникальные решения, необходимые для достижения результата) | B31: 1.
B32: 2.
B33: 3.
B34: 4.
B35: 5.

Sheet Приложение 1. Контрольные точки
A1: № | B1: Контрольная точка | C1: Срок достижения | D1: Ответственный исполнитель | E1: Ответственный приёмщик
A2: 1 | B2: (Например, «Заключен контракт с поставщиком»)
A3: 2 | B3: (Например, «Поставлено оборудование для монтажа»)
A4: 3
A5: 4
A6: 5
A7: 6
A8: 7
A9: 8
A10: 9
A11: 10
A12: Справочно:
A13: Контрольная точка (КТ) – это конкретный проверяемый результат проекта, который должен появиться в установленный срок. Контрольная точка фиксирует: • материальный результат – что должно быть получено; • срок – когда должен быть получен результат; • исполнителя – кто отвечает за получение результата; • приёмщика – кто подтвердит, что результат соответствует требованиям, и его можно применить для целей проекта. Результат контрольной точки должен быть завершённым действием. По правилам русского языка нужно использовать: • прошедшее время; • совершенный вид; • страдательный залог (ответ на вопрос «что сделано?»).

Sheet Приложение 2. Ресурсы проекта
A1: Инфраструктурные ресурсы | B1: 1. Строительно-ремонтные работы (с указанием номера помещения)
B2: 2. Закупка оборудования и ПО
B3: 3. Иное
A4: Кадровые ресурсы | B4: 1. Расширенные полномочия для группы управления проектом (перечень).
B5: 2. Допонительные сотрудники (перечень)
B6: 3. Иное
A7: Требуемое финансирование (тыс. руб.)
A8: Ограничения по срокам | B8: План контрольных точек проекта (прилагается)
A9: Риски проекта (риск; меры минимизации)
A10: Риск 1 (например: сопротивление команды применяемым методам) | B10: 1.
B11: 2.
B12: 3.
B13: 4.
B14: 5.
A15: Риск 2 (например: высокие требования к компетенциям команды) | B15: 1.
B16: 2.
B17: 3.
B18: 4.
B19: 5.
A20: Риск 3 (например: нехватка компетенций куратора проекта с точки зрения междисциплинарного профиля проекта) | B20: 1.
B21: 2.
B22: 3.
B23: 4.
B24: 5.

Sheet Приложение 3. Рабочая группа
A1: №№ п/п | B1: ФИО | C1: Учебная группа | D1: Роль в проекте (выбрать из списка) | E1: Рабочая группа | F1: Индивидуальная надбавка за особые достижения | H1: Баллы (из дорожной карты)
F2: Баллы (до 10) | G2: Обоснование | H2: Максимум | I2: Факт | J2: Итого
A3: 1 | H3: =IFERROR(IF(LEN(B3)>0,SUMIF('Приложение 4. Дорожная карта'!D:D,B3,'Приложение 4. Дорожная карта'!E:E),""),"") | I3: =IFERROR(IF(LEN(B3)>0,ROUND(SUMIF('Приложение 4. Дорожная карта'!D:D,B3,'Приложение 4. Дорожная карта'!M:M),0),""),"") | J3: =IFERROR(IF(I3=0,0,F3+I3),"")
A4: 2 | H4: =IFERROR(IF(LEN(B4)>0,SUMIF('Приложение 4. Дорожная карта'!D:D,B4,'Приложение 4. Дорожная карта'!E:E),""),"") | I4: =IFERROR(IF(LEN(B4)>0,ROUND(SUMIF('Приложение 4. Дорожная карта'!D:D,B4,'Приложение 4. Дорожная карта'!M:M),0),""),"") | J4: =IFERROR(IF(I4=0,0,F4+I4),"")
A5: 3 | H5: =IFERROR(IF(LEN(B5)>0,SUMIF('Приложение 4. Дорожная карта'!D:D,B5,'Приложение 4. Дорожная карта'!E:E),""),"") | I5: =IFERROR(IF(LEN(B5)>0,ROUND(SUMIF('Приложение 4. Дорожная карта'!D:D,B5,'Приложение 4. Дорожная карта'!M:M),0),""),"") | J5: =IFERROR(IF(I5=0,0,F5+I5),"")
A6: 4 | H6: =IFERROR(IF(LEN(B6)>0,SUMIF('Приложение 4. Дорожная карта'!D:D,B6,'Приложение 4. Дорожная карта'!E:E),""),"") | I6: =IFERROR(IF(LEN(B6)>0,ROUND(SUMIF('Приложение 4. Дорожная карта'!D:D,B6,'Приложение 4. Дорожная карта'!M:M),0),""),"") | J6: =IFERROR(IF(I6=0,0,F6+I6),"")
A7: 5 | H7: =IFERROR(IF(LEN(B7)>0,SUMIF('Приложение 4. Дорожная карта'!D:D,B7,'Приложение 4. Дорожная карта'!E:E),""),"") | I7: =IFERROR(IF(LEN(B7)>0,ROUND(SUMIF('Приложение 4. Дорожная карта'!D:D,B7,'Приложение 4. Дорожная карта'!M:M),0),""),"") | J7: =IFERROR(IF(I7=0,0,F7+I7),"")
A8: 6 | H8: =IFERROR(IF(LEN(B8)>0,SUMIF('Приложение 4. Дорожная карта'!D:D,B8,'Приложение 4. Дорожная карта'!E:E),""),"") | I8: =IFERROR(IF(LEN(B8)>0,ROUND(SUMIF('Приложение 4. Дорожная карта'!D:D,B8,'Приложение 4. Дорожная карта'!M:M),0),""),"") | J8: =IFERROR(IF(I8=0,0,F8+I8),"")
A9: 7 | H9: =IFERROR(IF(LEN(B9)>0,SUMIF('Приложение 4. Дорожная карта'!D:D,B9,'Приложение 4. Дорожная карта'!E:E),""),"") | I9: =IFERROR(IF(LEN(B9)>0,ROUND(SUMIF('Приложение 4. Дорожная карта'!D:D,B9,'Приложение 4. Дорожная карта'!M:M),0),""),"") | J9: =IFERROR(IF(I9=0,0,F9+I9),"")
A10: 8 | H10: =IFERROR(IF(LEN(B10)>0,SUMIF('Приложение 4. Дорожная карта'!D:D,B10,'Приложение 4. Дорожная карта'!E:E),""),"") | I10: =IFERROR(IF(LEN(B10)>0,ROUND(SUMIF('Приложение 4. Дорожная карта'!D:D,B10,'Приложение 4. Дорожная карта'!M:M),0),""),"") | J10: =IFERROR(IF(I10=0,0,F10+I10),"")
A11: 9 | H11: =IFERROR(IF(LEN(B11)>0,SUMIF('Приложение 4. Дорожная карта'!D:D,B11,'Приложение 4. Дорожная карта'!E:E),""),"") | I11: =IFERROR(IF(LEN(B11)>0,ROUND(SUMIF('Приложение 4. Дорожная карта'!D:D,B11,'Приложение 4. Дорожная карта'!M:M),0),""),"") | J11: =IFERROR(IF(I11=0,0,F11+I11),"")
A12: 10 | H12: =IFERROR(IF(LEN(B12)>0,SUMIF('Приложение 4. Дорожная карта'!D:D,B12,'Приложение 4. Дорожная карта'!E:E),""),"") | I12: =IFERROR(IF(LEN(B12)>0,ROUND(SUMIF('Приложение 4. Дорожная карта'!D:D,B12,'Приложение 4. Дорожная карта'!M:M),0),""),"") | J12: =IFERROR(IF(I12=0,0,F12+I12),"")
A13: 11 | H13: =IFERROR(IF(LEN(B13)>0,SUMIF('Приложение 4. Дорожная карта'!D:D,B13,'Приложение 4. Дорожная карта'!E:E),""),"") | I13: =IFERROR(IF(LEN(B13)>0,ROUND(SUMIF('Приложение 4. Дорожная карта'!D:D,B13,'Приложение 4. Дорожная карта'!M:M),0),""),"") | J13: =IFERROR(IF(I13=0,0,F13+I13),"")
A14: 12 | H14: =IFERROR(IF(LEN(B14)>0,SUMIF('Приложение 4. Дорожная карта'!D:D,B14,'Приложение 4. Дорожная карта'!E:E),""),"") | I14: =IFERROR(IF(LEN(B14)>0,ROUND(SUMIF('Приложение 4. Дорожная карта'!D:D,B14,'Приложение 4. Дорожная карта'!M:M),0),""),"") | J14: =IFERROR(IF(I14=0,0,F14+I14),"")
... A102: 100 | H102: =IFERROR(IF(LEN(B102)>0,SUMIF('Приложение 4. Дорожная карта'!D:D,B102,'Приложение 4. Дорожная карта'!E:E),""),"") | I102: =IFERROR(IF(LEN(B102)>0,ROUND(SUMIF('Приложение 4. Дорожная карта'!D:D,B102,'Приложение 4. Дорожная карта'!M:M),0),""),"") | J102: =IFERROR(IF(I102=0,0,F102+I102),"")

Sheet Приложение 4. Дорожная карта
A1: №№ п/п | B1: Задачи и подзадачи | C1: Ответственный (студент) | D1: Исполнитель (студент) | E1: Стоимость задачи в баллах | F1: План | I1: Факт | L1: Задача выполнена | M1: Полученные баллы | N1: пн | O1: вт | P1: ср | Q1: чт | R1: пт | S1: сб | T1: вс | U1: пн | V1: вт | W1: ср | X1: чт | Y1: пт | Z1: сб | AA1: вс | AB1: пн | AC1: вт | AD1: ср | AE1: чт | AF1: пт | AG1: сб | AH1: вс | AI1: пн | AJ1: вт | AK1: ср | AL1: чт | AM1: пт | AN1: сб | AO1: вс | AP1: пн | AQ1: вт | AR1: ср | AS1: чт | AT1: пт | AU1: сб | AV1: вс | AW1: пн | AX1: вт | AY1: ср | AZ1: чт | BA1: пт | BB1: сб | BC1: вс | BD1: пн | BE1: вт | BF1: ср | BG1: чт | BH1: пт | BI1: сб | BJ1: вс | BK1: пн | BL1: вт | BM1: ср | BN1: чт | BO1: пт | BP1: сб | BQ1: вс | BR1: пн | BS1: вт | BT1: ср | BU1: чт | BV1: пт | BW1: сб | BX1: вс | BY1: пн | BZ1: вт | CA1: ср | CB1: чт | CC1: пт | CD1: сб | CE1: вс | CF1: пн | CG1: вт | CH1: ср | CI1: чт | CJ1: пт | CK1: сб | CL1: вс | CM1: пн | CN1: вт | CO1: ср | CP1: чт | CQ1: пт | CR1: сб | CS1: вс | CT1: пн | CU1: вт | CV1: ср | CW1: чт | CX1: пт | CY1: сб | CZ1: вс | DA1: пн | DB1: вт | DC1: ср | DD1: чт | DE1: пт | DF1: сб | DG1: вс | DH1: пн | DI1: вт | DJ1: ср | DK1: чт | DL1: пт | DM1: сб | DN1: вс | DO1: пн | DP1: вт | DQ1: ср | DR1: чт | DS1: пт | DT1: сб | DU1: вс | DV1: пн | DW1: вт | DX1: ср | DY1: чт | DZ1: пт | EA1: сб | EB1: вс | EC1: пн | ED1: вт | EE1: ср | EF1: чт | EG1: пт | EH1: сб | EI1: вс
F2: Старт | G2: Финиш | H2: Итого | I2: Старт | J2: Финиш | K2: Итого | N2: 46055 | O2: 46056 | P2: 46057 | Q2: 46058 | R2: 46059 | S2: 46060 | T2: 46061 | U2: 46062 | V2: 46063 | W2: 46064 | X2: 46065 | Y2: 46066 | Z2: 46067 | AA2: 46068 | AB2: 46069 | AC2: 46070 | AD2: 46071 | AE2: 46072 | AF2: 46073 | AG2: 46074 | AH2: 46075 | AI2: 46076 | AJ2: 46077 | AK2: 46078 | AL2: 46079 | AM2: 46080 | AN2: 46081 | AO2: 46082 | AP2: 46083 | AQ2: 46084 | AR2: 46085 | AS2: 46086 | AT2: 46087 | AU2: 46088 | AV2: 46089 | AW2: 46090 | AX2: 46091 | AY2: 46092 | AZ2: 46093 | BA2: 46094 | BB2: 46095 | BC2: 46096 | BD2: 46097 | BE2: 46098 | BF2: 46099 | BG2: 46100 | BH2: 46101 | BI2: 46102 | BJ2: 46103 | BK2: 46104 | BL2: 46105 | BM2: 46106 | BN2: 46107 | BO2: 46108 | BP2: 46109 | BQ2: 46110 | BR2: 46111 | BS2: 46112 | BT2: 46113 | BU2: 46114 | BV2: 46115 | BW2: 46116 | BX2: 46117 | BY2: 46118 | BZ2: 46119 | CA2: 46120 | CB2: 46121 | CC2: 46122 | CD2: 46123 | CE2: 46124 | CF2: 46125 | CG2: 46126 | CH2: 46127 | CI2: 46128 | CJ2: 46129 | CK2: 46130 | CL2: 46131 | CM2: 46132 | CN2: 46133 | CO2: 46134 | CP2: 46135 | CQ2: 46136 | CR2: 46137 | CS2: 46138 | CT2: 46139 | CU2: 46140 | CV2: 46141 | CW2: 46142 | CX2: 46143 | CY2: 46144 | CZ2: 46145 | DA2: 46146 | DB2: 46147 | DC2: 46148 | DD2: 46149 | DE2: 46150 | DF2: 46151 | DG2: 46152 | DH2: 46153 | DI2: 46154 | DJ2: 46155 | DK2: 46156 | DL2: 46157 | DM2: 46158 | DN2: 46159 | DO2: 46160 | DP2: 46161 | DQ2: 46162 | DR2: 46163 | DS2: 46164 | DT2: 46165 | DU2: 46166 | DV2: 46167 | DW2: 46168 | DX2: 46169 | DY2: 46170 | DZ2: 46171 | EA2: 46172 | EB2: 46173 | EC2: 46174 | ED2: 46175 | EE2: 46176 | EF2: 46177 | EG2: 46178 | EH2: 46179 | EI2: 46180
A3: 1 | H3: =IF(OR(F3="",G3=""),"",IF(G3-F3=0,"",G3-F3)) | K3: =IF(OR(I3="",J3=""),"",IF(J3-I3=0,"",J3-I3)) | L3: 0 | M3: =E3*L3 -> 0
A4: 2 | H4: =IF(OR(F4="",G4=""),"",IF(G4-F4=0,"",G4-F4)) | K4: =IF(OR(I4="",J4=""),"",IF(J4-I4=0,"",J4-I4)) | L4: 0 | M4: =E4*L4 -> 0
A5: 3 | H5: =IF(OR(F5="",G5=""),"",IF(G5-F5=0,"",G5-F5)) | K5: =IF(OR(I5="",J5=""),"",IF(J5-I5=0,"",J5-I5)) | L5: 0 | M5: =E5*L5 -> 0
A6: 4 | H6: =IF(OR(F6="",G6=""),"",IF(G6-F6=0,"",G6-F6)) | K6: =IF(OR(I6="",J6=""),"",IF(J6-I6=0,"",J6-I6)) | L6: 0 | M6: =E6*L6 -> 0
A7: 5 | H7: =IF(OR(F7="",G7=""),"",IF(G7-F7=0,"",G7-F7)) | K7: =IF(OR(I7="",J7=""),"",IF(J7-I7=0,"",J7-I7)) | L7: 0 | M7: =E7*L7 -> 0
A8: 6 | H8: =IF(OR(F8="",G8=""),"",IF(G8-F8=0,"",G8-F8)) | K8: =IF(OR(I8="",J8=""),"",IF(J8-I8=0,"",J8-I8)) | L8: 0 | M8: =E8*L8 -> 0
A9: 7 | L9: 0 | M9: =E9*L9 -> 0
A10: 8 | H10: =IF(OR(F10="",G10=""),"",IF(G10-F10=0,"",G10-F10)) | K10: =IF(OR(I10="",J10=""),"",IF(J10-I10=0,"",J10-I10)) | L10: 0 | M10: =E10*L10 -> 0
A11: 9 | H11: =IF(OR(F11="",G11=""),"",IF(G11-F11=0,"",G11-F11)) | K11: =IF(OR(I11="",J11=""),"",IF(J11-I11=0,"",J11-I11)) | L11: 0 | M11: =E11*L11 -> 0
A12: 10 | H12: =IF(OR(F12="",G12=""),"",IF(G12-F12=0,"",G12-F12)) | K12: =IF(OR(I12="",J12=""),"",IF(J12-I12=0,"",J12-I12)) | L12: 0 | M12: =E12*L12 -> 0
A13: 11 | H13: =IF(OR(F13="",G13=""),"",IF(G13-F13=0,"",G13-F13)) | K13: =IF(OR(I13="",J13=""),"",IF(J13-I13=0,"",J13-I13)) | L13: 0 | M13: =E13*L13 -> 0
A14: 12 | H14: =IF(OR(F14="",G14=""),"",IF(G14-F14=0,"",G14-F14)) | K14: =IF(OR(I14="",J14=""),"",IF(J14-I14=0,"",J14-I14)) | L14: 0 | M14: =E14*L14 -> 0
A15: 13 | H15: =IF(OR(F15="",G15=""),"",IF(G15-F15=0,"",G15-F15)) | K15: =IF(OR(I15="",J15=""),"",IF(J15-I15=0,"",J15-I15)) | L15: 0 | M15: =E15*L15 -> 0
A16: 14 | H16: =IF(OR(F16="",G16=""),"",IF(G16-F16=0,"",G16-F16)) | K16: =IF(OR(I16="",J16=""),"",IF(J16-I16=0,"",J16-I16)) | L16: 0 | M16: =E16*L16 -> 0
A17: 15 | H17: =IF(OR(F17="",G17=""),"",IF(G17-F17=0,"",G17-F17)) | K17: =IF(OR(I17="",J17=""),"",IF(J17-I17=0,"",J17-I17)) | L17: 0 | M17: =E17*L17 -> 0
A18: 16 | H18: =IF(OR(F18="",G18=""),"",IF(G18-F18=0,"",G18-F18)) | K18: =IF(OR(I18="",J18=""),"",IF(J18-I18=0,"",J18-I18)) | L18: 0 | M18: =E18*L18 -> 0
A19: 17 | H19: =IF(OR(F19="",G19=""),"",IF(G19-F19=0,"",G19-F19)) | K19: =IF(OR(I19="",J19=""),"",IF(J19-I19=0,"",J19-I19)) | L19: 0 | M19: =E19*L19 -> 0
A20: 18 | H20: =IF(OR(F20="",G20=""),"",IF(G20-F20=0,"",G20-F20)) | K20: =IF(OR(I20="",J20=""),"",IF(J20-I20=0,"",J20-I20)) | L20: 0 | M20: =E20*L20 -> 0
A21: 19 | H21: =IF(OR(F21="",G21=""),"",IF(G21-F21=0,"",G21-F21)) | K21: =IF(OR(I21="",J21=""),"",IF(J21-I21=0,"",J21-I21)) | L21: 0 | M21: =E21*L21 -> 0
... A52: 50 | H52: =IF(OR(F52="",G52=""),"",IF(G52-F52=0,"",G52-F52)) | K52: =IF(OR(I52="",J52=""),"",IF(J52-I52=0,"",J52-I52)) | L52: 0 | M52: =E52*L52 -> 0

Sheet Приложение 5. Смета
A1: № | B1: Наименование товара | C1: Ссылка на товар | D1: Кол-во | E1: Единица измерения | F1: Цена за ед., руб. | G1: Сумма, руб. | H1: ОКПД-2 | I1: Техническое задание | J1: Источник финансирования (выбрать из списка) | K1: Выдано, кол-во | L1: Бюджет проекта
A2: 1 | G2: =IF(F2*D2=0,"",F2*D2) | L2: Суммарный | M2: =SUM(G2:G42) -> 0 | N2: руб.
A3: 2 | G3: =IF(F3*D3=0,"",F3*D3) | L3: – в т. ч. финансирование от ЦПД | M3: =SUMIF(J2:J42,"ЦПД",G2:G42) -> 0 | N3: руб. | O3: =IFERROR(M3/M$2,0) -> 0
A4: 3 | G4: =IF(F4*D4=0,"",F4*D4) | L4: – в т. ч. финансирование от иных подразделений вуза | M4: =SUMIF(J2:J42,"Иные подразделения вуза",G2:G42) -> 0 | N4: руб. | O4: =IFERROR(M4/M$2,0) -> 0
A5: 4 | G5: =IF(F5*D5=0,"",F5*D5) | L5: – в т. ч. финансирование от заказчика | M5: =SUMIF(J2:J42,"Заказчик",G2:G42) -> 0 | N5: руб. | O5: =IFERROR(M5/M$2,0) -> 0
A6: 5 | G6: =IF(F6*D6=0,"",F6*D6) | L6: – в т. ч. финансирование от партнёра/спонсора | M6: =SUMIF(J2:J42,"Партнёр/спонсор",G2:G42) -> 0 | N6: руб. | O6: =IFERROR(M6/M$2,0) -> 0
A7: 6 | G7: =IF(F7*D7=0,"",F7*D7) | L7: – в т. ч. личные средства | M7: =SUMIF(J2:J42,"Личные средства",G2:G42) -> 0 | N7: руб. | O7: =IFERROR(M7/M$2,0) -> 0
A8: 7 | G8: =IF(F8*D8=0,"",F8*D8)
A9: 8 | G9: =IF(F9*D9=0,"",F9*D9)
A10: 10 | G10: =IF(F10*D10=0,"",F10*D10)
A11: 11 | G11: =IF(F11*D11=0,"",F11*D11)
A12: 12 | G12: =IF(F12*D12=0,"",F12*D12)
A13: 13 | G13: =IF(F13*D13=0,"",F13*D13)
A14: 14 | G14: =IF(F14*D14=0,"",F14*D14)
A15: 15 | G15: =IF(F15*D15=0,"",F15*D15)
A16: 16 | G16: =IF(F16*D16=0,"",F16*D16)
A17: 17 | G17: =IF(F17*D17=0,"",F17*D17)
A18: 18 | G18: =IF(F18*D18=0,"",F18*D18)
A19: 19 | G19: =IF(F19*D19=0,"",F19*D19)
... A42: 50 | G42: =IF(F42*D42=0,"",F42*D42)

Sheet Дополнительные результаты
A1: № события | B1: 1 | C1: 2 | D1: 3 | E1: 4 | F1: 5 | G1: 6 | H1: 7 | I1: 8 | J1: 9 | K1: 10
A2: Конкурсы
A3: наименование ведомства, программы, лота, конкурса
A4: название проекта, регистрационный номер, дата подачи
A5: сумма гранта
A6: электронная ссылка на документ заявки в папке проекта
A8: Статьи
A9: уровень статьи
A10: год
A11: ФИО авторов, через точку с запятой
A12: название публикации
A13: библиография (название журнала, год, номер (том) выпуска (месяц при наличии), страницы
A14: ISSN журнала
... A47: Прочие мероприятия
